<landisMetadata><extension name="Output Cohort Statistics" timeInterval="0"><scenario-replication timeMin="0" timeMax="300" rasterOutCellArea="1" /><outputs><output type="Map" name="pinupalu_age_stats_map" filePath="CohortStats/pinupalu-MIN-0.img" visualize="True" unit="" dataType="Continuous" /><output type="Map" name="quervirg_age_stats_map" filePath="CohortStats/quervirg-MIN-0.img" visualize="True" unit="" dataType="Continuous" /><output type="Map" name="pinupalu_age_stats_map" filePath="CohortStats/pinupalu-MAX-0.img" visualize="True" unit="" dataType="Continuous" /><output type="Map" name="quervirg_age_stats_map" filePath="CohortStats/quervirg-MAX-0.img" visualize="True" unit="" dataType="Continuous" /><output type="Map" name="pinupalu_age_stats_map" filePath="CohortStats/pinupalu-MED-0.img" visualize="True" unit="" dataType="Continuous" /><output type="Map" name="quervirg_age_stats_map" filePath="CohortStats/quervirg-MED-0.img" visualize="True" unit="" dataType="Continuous" /><output type="Map" name="pinupalu_age_stats_map" filePath="CohortStats/pinupalu-AVG-0.img" visualize="True" unit="" dataType="Continuous" /><output type="Map" name="quervirg_age_stats_map" filePath="CohortStats/quervirg-AVG-0.img" visualize="True" unit="" dataType="Continuous" /><output type="Map" name="pinupalu_age_stats_map" filePath="CohortStats/pinupalu-SD-0.img" visualize="True" unit="" dataType="Continuous" /><output type="Map" name="quervirg_age_stats_map" filePath="CohortStats/quervirg-SD-0.img" visualize="True" unit="" dataType="Continuous" /><output type="Map" name="MIN_age_stats_map" filePath="CohortStats/SPP-MIN-0.img" visualize="True" unit="" dataType="Continuous" /><output type="Map" name="MAX_age_stats_map" filePath="CohortStats/SPP-MAX-0.img" visualize="True" unit="" dataType="Continuous" /><output type="Map" name="MED_age_stats_map" filePath="CohortStats/SPP-MED-0.img" visualize="True" unit="" dataType="Continuous" /><output type="Map" name="AVG_age_stats_map" filePath="CohortStats/SPP-AVG-0.img" visualize="True" unit="" dataType="Continuous" /><output type="Map" name="SD_age_stats_map" filePath="CohortStats/SPP-SD-0.img" visualize="True" unit="" dataType="Continuous" /><output type="Map" name="RICH_age_stats_map" filePath="CohortStats/SPP-RICH-0.img" visualize="True" unit="" dataType="Continuous" /><output type="Map" name="COUNT_age_stats_map" filePath="CohortStats/SPP-COUNT-0.img" visualize="True" unit="" dataType="Continuous" /><output type="Map" name="EVEN_age_stats_map" filePath="CohortStats/SPP-EVEN-0.img" visualize="True" unit="" dataType="Continuous" /></outputs></extension></landisMetadata>
