<landisMetadata><output><extension name="Output Biomass" metadataFilePath="Output Biomass.xml" /><fields><field name="Time" description="Simulation Year" unit="year" /><field name="EcoName" description="Ecoregion Name" /><field name="NumActiveSites" description="Number of Active Sites" unit="count" /><field name="AboveGroundBiomass_nyssbifl" description="Mean Aboveground Biomass by Species" /><field name="AboveGroundBiomass_pinuelli" description="Mean Aboveground Biomass by Species" /><field name="AboveGroundBiomass_pinupalu" description="Mean Aboveground Biomass by Species" /><field name="AboveGroundBiomass_querfalc" description="Mean Aboveground Biomass by Species" /><field name="AboveGroundBiomass_querhemi" description="Mean Aboveground Biomass by Species" /><field name="AboveGroundBiomass_querinca" description="Mean Aboveground Biomass by Species" /><field name="AboveGroundBiomass_querlaev" description="Mean Aboveground Biomass by Species" /><field name="AboveGroundBiomass_quermarg" description="Mean Aboveground Biomass by Species" /><field name="AboveGroundBiomass_quernigr" description="Mean Aboveground Biomass by Species" /><field name="AboveGroundBiomass_querstel" description="Mean Aboveground Biomass by Species" /><field name="AboveGroundBiomass_quervirg" description="Mean Aboveground Biomass by Species" /><field name="AboveGroundBiomass_taxoasce" description="Mean Aboveground Biomass by Species" /></fields></output></landisMetadata>
