<landisMetadata><extension name="Output Biomass" timeInterval="5"><scenario-replication timeMin="0" timeMax="300" rasterOutCellArea="1" /><outputs><output type="Table" name="SummaryLog" filePath="spp-biomass-log.csv" visualize="True" MetadataFilePath="Metadata\Output Biomass\SummaryLog_Metadata.xml" /><output type="Map" name="nyssbifl" filePath="Biomass/livebiomass-nyssbifl-0.img" visualize="True" unit="" dataType="Continuous" /><output type="Map" name="pinuelli" filePath="Biomass/livebiomass-pinuelli-0.img" visualize="True" unit="" dataType="Continuous" /><output type="Map" name="pinupalu" filePath="Biomass/livebiomass-pinupalu-0.img" visualize="True" unit="" dataType="Continuous" /><output type="Map" name="querfalc" filePath="Biomass/livebiomass-querfalc-0.img" visualize="True" unit="" dataType="Continuous" /><output type="Map" name="querhemi" filePath="Biomass/livebiomass-querhemi-0.img" visualize="True" unit="" dataType="Continuous" /><output type="Map" name="querinca" filePath="Biomass/livebiomass-querinca-0.img" visualize="True" unit="" dataType="Continuous" /><output type="Map" name="querlaev" filePath="Biomass/livebiomass-querlaev-0.img" visualize="True" unit="" dataType="Continuous" /><output type="Map" name="quermarg" filePath="Biomass/livebiomass-quermarg-0.img" visualize="True" unit="" dataType="Continuous" /><output type="Map" name="quernigr" filePath="Biomass/livebiomass-quernigr-0.img" visualize="True" unit="" dataType="Continuous" /><output type="Map" name="querstel" filePath="Biomass/livebiomass-querstel-0.img" visualize="True" unit="" dataType="Continuous" /><output type="Map" name="quervirg" filePath="Biomass/livebiomass-quervirg-0.img" visualize="True" unit="" dataType="Continuous" /><output type="Map" name="taxoasce" filePath="Biomass/livebiomass-taxoasce-0.img" visualize="True" unit="" dataType="Continuous" /><output type="Map" name="TotalBiomass" filePath="Biomass/livebiomass-TotalBiomass-0.img" visualize="True" unit="" dataType="Continuous" /><output type="Map" name="WoodyDebrisMap" filePath="Biomass/deadpool-woody-0.img" visualize="True" unit="" dataType="Continuous" /><output type="Map" name="NonWoodyDebrisMap" filePath="Biomass/deadpool-non-woody-0.img" visualize="True" unit="" dataType="Continuous" /></outputs></extension></landisMetadata>
