<landisMetadata><extension name="Biomass Harvest" timeInterval="1"><scenario-replication timeMin="0" timeMax="300" rasterOutCellArea="1" /><outputs><output type="Table" name="EventLog" filePath="Harvest/Harvest-log.csv" visualize="False" MetadataFilePath="Metadata\Biomass Harvest\EventLog_Metadata.xml" /><output type="Table" name="SummaryLog" filePath="Harvest/Harvest-summary-log.csv" visualize="True" MetadataFilePath="Metadata\Biomass Harvest\SummaryLog_Metadata.xml" /><output type="Map" name="prescription" filePath="Harvest/prescriptions-{timestep}.img" visualize="True" unit="" dataType="Nominal" /></outputs></extension></landisMetadata>
